filename,workflow_id,expression,pose,model,confidence,timestamp
000353_251227032410120_0000.jpg,000353_251227032410120,cut,front,v4,0.871,2026-03-23T19:39:00
000353_251227032410120_0001.jpg,000353_251227032410120,cut,front,v4,0.921,2026-03-23T19:39:00
000353_251227032410120_0002.jpg,000353_251227032410120,cut,front,v4,0.783,2026-03-23T19:39:00
000353_251227032410120_0003.jpg,000353_251227032410120,cut,front,v4,0.854,2026-03-23T19:39:00
000353_251227032410120_0004.jpg,000353_251227032410120,hype,front,v4,0.567,2026-03-23T19:39:00
000353_251227032410120_0005.jpg,000353_251227032410120,cut,front,v4,0.884,2026-03-23T19:39:00
000353_251227032410120_0006.jpg,000353_251227032410120,cut,front,v4,0.797,2026-03-23T19:39:00
000353_251227032410120_0007.jpg,000353_251227032410120,cut,front,v4,0.833,2026-03-23T19:39:00
000353_251227032410120_0008.jpg,000353_251227032410120,cut,front,v4,0.738,2026-03-23T19:39:00
000353_251227032410120_0009.jpg,000353_251227032410120,cut,front,v4,0.697,2026-03-23T19:39:00
000353_251227032410120_0010.jpg,000353_251227032410120,cut,front,v4,0.758,2026-03-23T19:39:00
000353_251227032410120_0011.jpg,000353_251227032410120,cut,front,v4,0.799,2026-03-23T19:39:00
000353_251227032410120_0012.jpg,000353_251227032410120,cut,front,v4,0.770,2026-03-23T19:39:00
000353_251227032410120_0013.jpg,000353_251227032410120,cut,front,v4,0.993,2026-03-23T19:39:00
000353_251227032410120_0014.jpg,000353_251227032410120,cut,front,v4,0.818,2026-03-23T19:39:00
000353_251227032410120_0015.jpg,000353_251227032410120,cut,front,v4,0.971,2026-03-23T19:39:00
000353_251227032410120_0016.jpg,000353_251227032410120,cut,front,v4,0.952,2026-03-23T19:39:00
000353_251227032410120_0017.jpg,000353_251227032410120,hype,front,v4,0.644,2026-03-23T19:39:00
000353_251227032410120_0018.jpg,000353_251227032410120,cut,front,v4,0.376,2026-03-23T19:39:00
000353_251227032410120_0019.jpg,000353_251227032410120,hype,front,v4,0.834,2026-03-23T19:39:00
000353_251227032410120_0020.jpg,000353_251227032410120,hype,front,v4,0.815,2026-03-23T19:39:00
000353_251227032410120_0021.jpg,000353_251227032410120,hype,front,v4,0.609,2026-03-23T19:39:00
000353_251227032410120_0022.jpg,000353_251227032410120,cut,front,v4,0.657,2026-03-23T19:39:00
000353_251227032410120_0023.jpg,000353_251227032410120,hype,front,v4,0.498,2026-03-23T19:39:00
000353_251227032410120_0024.jpg,000353_251227032410120,cheese,front,v4,0.628,2026-03-23T19:39:00
000353_251227032410120_0025.jpg,000353_251227032410120,cut,front,v4,0.787,2026-03-23T19:39:00
000353_251227032410120_0026.jpg,000353_251227032410120,cut,front,v4,0.791,2026-03-23T19:39:00
000353_251227032410120_0027.jpg,000353_251227032410120,cheese,front,v4,0.504,2026-03-23T19:39:00
000353_251227032410120_0028.jpg,000353_251227032410120,cut,front,v4,0.626,2026-03-23T19:39:00
000353_251227032410120_0029.jpg,000353_251227032410120,cut,side,v4,0.899,2026-03-23T19:39:00
000353_251227032410120_0030.jpg,000353_251227032410120,cheese,angle,v4,0.846,2026-03-23T19:39:00
000353_251227032410120_0031.jpg,000353_251227032410120,cut,front,v4,0.909,2026-03-23T19:39:00
000353_251227032410120_0032.jpg,000353_251227032410120,cut,front,v4,0.933,2026-03-23T19:39:00
000353_251227032410120_0033.jpg,000353_251227032410120,cut,angle,v4,0.988,2026-03-23T19:39:00
000353_251227032410120_0034.jpg,000353_251227032410120,cut,front,v4,0.876,2026-03-23T19:39:00
000353_251227032410120_0035.jpg,000353_251227032410120,cut,front,v4,0.924,2026-03-23T19:39:00
000353_251227032410120_0036.jpg,000353_251227032410120,cut,front,v4,0.949,2026-03-23T19:39:00
000353_251227032410120_0037.jpg,000353_251227032410120,cut,front,v4,0.930,2026-03-23T19:39:00
000353_251227032410120_0038.jpg,000353_251227032410120,cut,front,v4,0.717,2026-03-23T19:39:00
000353_251227032410120_0039.jpg,000353_251227032410120,cut,front,v4,0.759,2026-03-23T19:39:00
000353_251227032410120_0040.jpg,000353_251227032410120,cut,front,v4,0.636,2026-03-23T19:39:00
000353_251227032410120_0041.jpg,000353_251227032410120,cut,front,v4,0.932,2026-03-23T19:39:00
000353_251227032410120_0042.jpg,000353_251227032410120,cut,front,v4,0.759,2026-03-23T19:39:00
000353_251227032410120_0043.jpg,000353_251227032410120,cut,front,v4,0.931,2026-03-23T19:39:00
000353_251227032410120_0044.jpg,000353_251227032410120,cut,front,v4,0.964,2026-03-23T19:39:00
000353_251227032410120_0045.jpg,000353_251227032410120,cut,front,v4,0.965,2026-03-23T19:39:00
000353_251227032410120_0046.jpg,000353_251227032410120,cut,front,v4,0.901,2026-03-23T19:39:00
000353_251227032410120_0047.jpg,000353_251227032410120,cut,front,v4,0.936,2026-03-23T19:39:00
000353_251227032410120_0048.jpg,000353_251227032410120,cut,front,v4,0.900,2026-03-23T19:39:00
000353_251227032410120_0049.jpg,000353_251227032410120,cut,front,v4,0.828,2026-03-23T19:39:00
000353_251227032410120_0050.jpg,000353_251227032410120,cut,front,v4,0.914,2026-03-23T19:39:00
000353_251227032410120_0051.jpg,000353_251227032410120,cut,front,v4,0.852,2026-03-23T19:39:00
000353_251227032410120_0052.jpg,000353_251227032410120,cut,front,v4,0.729,2026-03-23T19:39:00
000353_251227032410120_0053.jpg,000353_251227032410120,cut,front,v4,0.770,2026-03-23T19:39:00
000353_251227032410120_0054.jpg,000353_251227032410120,cut,front,v4,0.881,2026-03-23T19:39:00
000353_251227032410120_0055.jpg,000353_251227032410120,cut,front,v4,0.751,2026-03-23T19:39:00
000353_251227032410120_0056.jpg,000353_251227032410120,cut,front,v4,0.943,2026-03-23T19:39:00
000353_251227032410120_0057.jpg,000353_251227032410120,cut,front,v4,0.734,2026-03-23T19:39:00
000353_251227032410120_0058.jpg,000353_251227032410120,cut,front,v4,0.550,2026-03-23T19:39:00
000353_251227032410120_0059.jpg,000353_251227032410120,cut,front,v4,0.631,2026-03-23T19:39:00
000353_251227032410120_0060.jpg,000353_251227032410120,cut,front,v4,0.900,2026-03-23T19:39:00
000353_251227032410120_0061.jpg,000353_251227032410120,cut,angle,v4,0.927,2026-03-23T19:39:00
000353_251227032410120_0062.jpg,000353_251227032410120,cut,front,v4,0.907,2026-03-23T19:39:00
000353_251227032410120_0063.jpg,000353_251227032410120,cut,front,v4,0.634,2026-03-23T19:39:00
000353_251227032410120_0064.jpg,000353_251227032410120,cut,angle,v4,0.572,2026-03-23T19:39:00
000353_251227032410120_0065.jpg,000353_251227032410120,edge,angle,v4,0.531,2026-03-23T19:39:00
000353_251227032410120_0066.jpg,000353_251227032410120,cut,angle,v4,0.886,2026-03-23T19:39:00
000353_251227032410120_0067.jpg,000353_251227032410120,cut,angle,v4,0.881,2026-03-23T19:39:00
000353_251227032410120_0068.jpg,000353_251227032410120,cut,angle,v4,0.894,2026-03-23T19:39:00
000353_251227032410120_0069.jpg,000353_251227032410120,cut,angle,v4,0.887,2026-03-23T19:39:00
000353_251227032410120_0070.jpg,000353_251227032410120,cut,front,v4,0.945,2026-03-23T19:39:00
000353_251227032410120_0071.jpg,000353_251227032410120,cut,front,v4,0.788,2026-03-23T19:39:00
000353_251227032410120_0072.jpg,000353_251227032410120,cut,front,v4,0.767,2026-03-23T19:39:00
000353_251227032410120_0073.jpg,000353_251227032410120,cut,front,v4,0.780,2026-03-23T19:39:00
000353_251227032410120_0074.jpg,000353_251227032410120,cut,front,v4,0.500,2026-03-23T19:39:00
000353_251227032410120_0075.jpg,000353_251227032410120,cut,front,v4,0.843,2026-03-23T19:39:00
000353_251227032410120_0076.jpg,000353_251227032410120,chill,front,v4,0.522,2026-03-23T19:39:00
000353_251227032410120_0077.jpg,000353_251227032410120,cut,front,v4,0.960,2026-03-23T19:39:00
000353_251227032410120_0078.jpg,000353_251227032410120,cut,front,v4,0.953,2026-03-23T19:39:00
000353_251227032410120_0079.jpg,000353_251227032410120,cut,front,v4,0.557,2026-03-23T19:39:00
000353_251227032410120_0080.jpg,000353_251227032410120,cut,front,v4,0.523,2026-03-23T19:39:00
000353_251227032410120_0081.jpg,000353_251227032410120,cut,angle,v4,0.933,2026-03-23T19:39:00
000353_251227032410120_0082.jpg,000353_251227032410120,cut,angle,v4,0.972,2026-03-23T19:39:00
000353_251227032410120_0083.jpg,000353_251227032410120,cut,angle,v4,0.844,2026-03-23T19:39:00
000353_251227032410120_0084.jpg,000353_251227032410120,cut,angle,v4,0.963,2026-03-23T19:39:00
000353_251227032410120_0085.jpg,000353_251227032410120,cut,angle,v4,0.947,2026-03-23T19:39:00
000353_251227032410120_0086.jpg,000353_251227032410120,cut,angle,v4,0.877,2026-03-23T19:39:00
000353_251227032410120_0087.jpg,000353_251227032410120,cut,angle,v4,0.511,2026-03-23T19:39:00
000353_251227032410120_0088.jpg,000353_251227032410120,cut,angle,v4,0.858,2026-03-23T19:39:00
000353_251227032410120_0089.jpg,000353_251227032410120,cut,angle,v4,0.937,2026-03-23T19:39:00
000353_251227032410120_0090.jpg,000353_251227032410120,cut,angle,v4,0.886,2026-03-23T19:39:00
000353_251227032410120_0091.jpg,000353_251227032410120,cut,angle,v4,0.707,2026-03-23T19:39:00
000353_251227032410120_0092.jpg,000353_251227032410120,cut,angle,v4,0.607,2026-03-23T19:39:00
000353_251227032410120_0093.jpg,000353_251227032410120,cut,angle,v4,0.332,2026-03-23T19:39:00
000353_251227032410120_0094.jpg,000353_251227032410120,edge,angle,v4,0.541,2026-03-23T19:39:00
000353_251227032410120_0095.jpg,000353_251227032410120,cut,angle,v4,0.732,2026-03-23T19:39:00
000353_251227032410120_0096.jpg,000353_251227032410120,cut,side,v4,0.856,2026-03-23T19:39:00
000353_251227032410120_0097.jpg,000353_251227032410120,cut,angle,v4,0.672,2026-03-23T19:39:00
000353_251227032410120_0098.jpg,000353_251227032410120,cut,angle,v4,0.902,2026-03-23T19:39:00
000353_251227032410120_0099.jpg,000353_251227032410120,cut,angle,v4,0.885,2026-03-23T19:39:00
000353_251227032410120_0100.jpg,000353_251227032410120,cut,angle,v4,0.883,2026-03-23T19:39:00
000353_251227032410120_0101.jpg,000353_251227032410120,cut,angle,v4,0.888,2026-03-23T19:39:00
000353_251227032410120_0102.jpg,000353_251227032410120,cut,angle,v4,0.718,2026-03-23T19:39:00
000353_251227032410120_0103.jpg,000353_251227032410120,cut,angle,v4,0.937,2026-03-23T19:39:00
000353_251227032410120_0104.jpg,000353_251227032410120,cut,angle,v4,0.551,2026-03-23T19:39:00
000353_251227032410120_0105.jpg,000353_251227032410120,cut,angle,v4,0.692,2026-03-23T19:39:00
000353_251227032410120_0106.jpg,000353_251227032410120,hype,angle,v4,0.580,2026-03-23T19:39:00
000353_251227032410120_0107.jpg,000353_251227032410120,cut,front,v4,0.898,2026-03-23T19:39:00
000353_251227032410120_0108.jpg,000353_251227032410120,cut,angle,v4,0.883,2026-03-23T19:39:00
000353_251227032410120_0109.jpg,000353_251227032410120,cut,front,v4,0.804,2026-03-23T19:39:00
000353_251227032410120_0110.jpg,000353_251227032410120,cut,front,v4,0.922,2026-03-23T19:39:00
000353_251227032410120_0111.jpg,000353_251227032410120,cut,front,v4,0.902,2026-03-23T19:39:00
000353_251227032410120_0112.jpg,000353_251227032410120,cut,front,v4,0.918,2026-03-23T19:39:00
000353_251227032410120_0113.jpg,000353_251227032410120,cut,front,v4,0.946,2026-03-23T19:39:00
000353_251227032410120_0114.jpg,000353_251227032410120,cut,front,v4,0.964,2026-03-23T19:39:00
000353_251227032410120_0115.jpg,000353_251227032410120,cut,front,v4,0.964,2026-03-23T19:39:00
000353_251227032410120_0116.jpg,000353_251227032410120,cut,front,v4,0.893,2026-03-23T19:39:00
000353_251227032410120_0117.jpg,000353_251227032410120,cut,front,v4,0.932,2026-03-23T19:39:00
000353_251227032410120_0118.jpg,000353_251227032410120,cut,front,v4,0.913,2026-03-23T19:39:00
000353_251227032410120_0119.jpg,000353_251227032410120,cut,front,v4,0.931,2026-03-23T19:39:00
000353_251227032410120_0120.jpg,000353_251227032410120,cut,front,v4,0.980,2026-03-23T19:39:00
000353_251227032410120_0121.jpg,000353_251227032410120,cut,front,v4,0.942,2026-03-23T19:39:00
000353_251227032410120_0122.jpg,000353_251227032410120,cut,front,v4,0.931,2026-03-23T19:39:00
000353_251227032410120_0123.jpg,000353_251227032410120,cut,front,v4,0.687,2026-03-23T19:39:00
000353_251227032410120_0124.jpg,000353_251227032410120,cut,angle,v4,0.727,2026-03-23T19:39:00
000353_251227032410120_0125.jpg,000353_251227032410120,cut,angle,v4,0.740,2026-03-23T19:39:00
000353_251227032410120_0126.jpg,000353_251227032410120,cut,angle,v4,0.976,2026-03-23T19:39:00
000353_251227032410120_0127.jpg,000353_251227032410120,cut,angle,v4,0.910,2026-03-23T19:39:00
000353_251227032410120_0128.jpg,000353_251227032410120,cut,front,v4,0.851,2026-03-23T19:39:00
000353_251227032410120_0129.jpg,000353_251227032410120,cut,front,v4,0.925,2026-03-23T19:39:00
000353_251227032410120_0130.jpg,000353_251227032410120,cut,front,v4,0.940,2026-03-23T19:39:00
000353_251227032410120_0131.jpg,000353_251227032410120,cut,angle,v4,0.928,2026-03-23T19:39:00
000353_251227032410120_0132.jpg,000353_251227032410120,cut,angle,v4,0.918,2026-03-23T19:39:00
000353_251227032410120_0133.jpg,000353_251227032410120,cut,angle,v4,0.782,2026-03-23T19:39:00
000353_251227032410120_0134.jpg,000353_251227032410120,cut,angle,v4,0.756,2026-03-23T19:39:00
000353_251227032410120_0135.jpg,000353_251227032410120,cut,angle,v4,0.821,2026-03-23T19:39:00
000353_251227032410120_0136.jpg,000353_251227032410120,cut,angle,v4,0.617,2026-03-23T19:39:00
000353_251227032410120_0137.jpg,000353_251227032410120,hype,angle,v4,0.510,2026-03-23T19:39:00
000353_251227032410120_0138.jpg,000353_251227032410120,cut,angle,v4,0.906,2026-03-23T19:39:00
000353_251227032410120_0139.jpg,000353_251227032410120,edge,angle,v4,0.444,2026-03-23T19:39:00
000353_251227032410120_0140.jpg,000353_251227032410120,cut,angle,v4,0.548,2026-03-23T19:39:00
000353_251227032410120_0141.jpg,000353_251227032410120,cut,angle,v4,0.924,2026-03-23T19:39:00
000353_251227032410120_0142.jpg,000353_251227032410120,cut,angle,v4,0.792,2026-03-23T19:39:00
000353_251227032410120_0143.jpg,000353_251227032410120,cut,angle,v4,0.893,2026-03-23T19:39:00
000353_251227032410120_0144.jpg,000353_251227032410120,cut,angle,v4,0.981,2026-03-23T19:39:00
000353_251227032410120_0145.jpg,000353_251227032410120,cut,angle,v4,0.940,2026-03-23T19:39:00
000353_251227032410120_0146.jpg,000353_251227032410120,cut,angle,v4,0.835,2026-03-23T19:39:00
000353_251227032410120_0147.jpg,000353_251227032410120,cut,angle,v4,0.981,2026-03-23T19:39:00
000353_251227032410120_0148.jpg,000353_251227032410120,cut,angle,v4,0.951,2026-03-23T19:39:00
000353_251227032410120_0149.jpg,000353_251227032410120,cut,front,v4,0.872,2026-03-23T19:39:00
000353_251227032410120_0150.jpg,000353_251227032410120,cut,front,v4,0.961,2026-03-23T19:39:00
000353_251227032410120_0151.jpg,000353_251227032410120,cut,angle,v4,0.972,2026-03-23T19:39:00
000353_251227032410120_0152.jpg,000353_251227032410120,cut,front,v4,0.870,2026-03-23T19:39:00
000353_251227032410120_0153.jpg,000353_251227032410120,cut,front,v4,0.817,2026-03-23T19:39:00
000353_251227032410120_0154.jpg,000353_251227032410120,cut,front,v4,0.822,2026-03-23T19:39:00
000353_251227032410120_0155.jpg,000353_251227032410120,cut,front,v4,0.818,2026-03-23T19:39:00
000353_251227032410120_0156.jpg,000353_251227032410120,cut,front,v4,0.858,2026-03-23T19:39:00
000353_251227032410120_0157.jpg,000353_251227032410120,cut,front,v4,0.909,2026-03-23T19:39:00
000353_251227032410120_0158.jpg,000353_251227032410120,cut,front,v4,0.841,2026-03-23T19:39:00
000353_251227032410120_0159.jpg,000353_251227032410120,cut,front,v4,0.879,2026-03-23T19:39:00
000353_251227032410120_0160.jpg,000353_251227032410120,cut,front,v4,0.834,2026-03-23T19:39:00
000353_251227032410120_0161.jpg,000353_251227032410120,cut,front,v4,0.859,2026-03-23T19:39:00
000353_251227032410120_0162.jpg,000353_251227032410120,cut,front,v4,0.984,2026-03-23T19:39:00
000353_251227032410120_0163.jpg,000353_251227032410120,cut,front,v4,0.893,2026-03-23T19:39:00
000353_251227032410120_0164.jpg,000353_251227032410120,cut,front,v4,0.902,2026-03-23T19:39:00
000353_251227032410120_0165.jpg,000353_251227032410120,cut,front,v4,0.957,2026-03-23T19:39:00
000353_251227032410120_0166.jpg,000353_251227032410120,cut,front,v4,0.940,2026-03-23T19:39:00
000353_251227032410120_0167.jpg,000353_251227032410120,cut,front,v4,0.905,2026-03-23T19:39:00
000353_251227032410120_0168.jpg,000353_251227032410120,cut,front,v4,0.858,2026-03-23T19:39:00
000353_251227032410120_0169.jpg,000353_251227032410120,cut,front,v4,0.890,2026-03-23T19:39:00
000353_251227032410120_0170.jpg,000353_251227032410120,cut,front,v4,0.898,2026-03-23T19:39:00
000353_251227032410120_0171.jpg,000353_251227032410120,cut,front,v4,0.974,2026-03-23T19:39:00
000353_251227032410120_0172.jpg,000353_251227032410120,cut,front,v4,0.889,2026-03-23T19:39:00
000353_251227032410120_0173.jpg,000353_251227032410120,cut,angle,v4,0.884,2026-03-23T19:39:00
000353_251227032410120_0174.jpg,000353_251227032410120,cut,angle,v4,0.782,2026-03-23T19:39:00
000353_251227032410120_0175.jpg,000353_251227032410120,cut,angle,v4,0.758,2026-03-23T19:39:00
000353_251227032410120_0176.jpg,000353_251227032410120,cut,angle,v4,0.672,2026-03-23T19:39:00
000353_251227032410120_0177.jpg,000353_251227032410120,cut,angle,v4,0.918,2026-03-23T19:39:00
000353_251227032410120_0178.jpg,000353_251227032410120,cut,front,v4,0.985,2026-03-23T19:39:00
000353_251227032410120_0179.jpg,000353_251227032410120,cut,angle,v4,0.930,2026-03-23T19:39:00
000353_251227032410120_0180.jpg,000353_251227032410120,cut,angle,v4,0.966,2026-03-23T19:39:00
000353_251227032410120_0181.jpg,000353_251227032410120,cut,angle,v4,0.950,2026-03-23T19:39:00
000353_251227032410120_0182.jpg,000353_251227032410120,cut,angle,v4,0.916,2026-03-23T19:39:00
000353_251227032410120_0183.jpg,000353_251227032410120,cut,angle,v4,0.952,2026-03-23T19:39:00
000353_251227032410120_0184.jpg,000353_251227032410120,cut,angle,v4,0.927,2026-03-23T19:39:00
000353_251227032410120_0185.jpg,000353_251227032410120,cut,angle,v4,0.923,2026-03-23T19:39:00
000353_251227032410120_0186.jpg,000353_251227032410120,cut,angle,v4,0.966,2026-03-23T19:39:00
000353_251227032410120_0187.jpg,000353_251227032410120,cut,angle,v4,0.981,2026-03-23T19:39:00
000353_251227032410120_0188.jpg,000353_251227032410120,cut,angle,v4,0.961,2026-03-23T19:39:00
000353_251227032410120_0189.jpg,000353_251227032410120,cut,front,v4,0.988,2026-03-23T19:39:00
000353_251227032410120_0190.jpg,000353_251227032410120,cut,angle,v4,0.935,2026-03-23T19:39:00
000353_251227032410120_0191.jpg,000353_251227032410120,cut,front,v4,0.965,2026-03-23T19:39:00
000353_251227032410120_0192.jpg,000353_251227032410120,cut,front,v4,0.940,2026-03-23T19:39:00
000353_251227032410120_0193.jpg,000353_251227032410120,cut,front,v4,0.608,2026-03-23T19:39:00
000353_251227032410120_0194.jpg,000353_251227032410120,hype,front,v4,0.466,2026-03-23T19:39:00
000353_251227032410120_0195.jpg,000353_251227032410120,cut,front,v4,0.738,2026-03-23T19:39:00
000353_251227032410120_0196.jpg,000353_251227032410120,cut,front,v4,0.854,2026-03-23T19:39:00
000353_251227032410120_0197.jpg,000353_251227032410120,cut,front,v4,0.526,2026-03-23T19:39:00
000353_251227032410120_0198.jpg,000353_251227032410120,cut,front,v4,0.814,2026-03-23T19:39:00
000353_251227032410120_0199.jpg,000353_251227032410120,cut,front,v4,0.701,2026-03-23T19:39:00
000353_251227032410120_0200.jpg,000353_251227032410120,cut,front,v4,0.757,2026-03-23T19:39:00
000353_251227032410120_0201.jpg,000353_251227032410120,cut,front,v4,0.800,2026-03-23T19:39:00
000353_251227032410120_0202.jpg,000353_251227032410120,cut,front,v4,0.907,2026-03-23T19:39:00
